slug,brand
azenis-fk510,falken
fk510-suv,falken
grandtrek-at20,dunlop
grandtrek-at-22,dunlop
grandtrek-pt2,dunlop
grandtrek-pt3,dunlop
grandtrek-st20,dunlop
grandtrek-tg28-m2,dunlop
grandtrek-tg32,dunlop
grandtrek-tg35-m2,dunlop
grandtrek-tg-5,dunlop
sincera-sn832-ecorun,falken
sp10,dunlop
sp-sport-2030,dunlop
sp-sport-270,dunlop
sp-sport-lm704,dunlop
sp-sport-lm705,dunlop
sp-sport-maxx-050,dunlop
sp-sport-maxx-050plus,dunlop
sp-sport-maxx-gt600,dunlop
veuro-ve303-2,dunlop
wildpeak-ht,falken
ziex-ze914-ecorun,falken
